EAR,MOR,NLR,State
"0.1257504325379325","0.45099635003032984","0.9094710256343528","Normal"
"0.11378451685343327","0.45993376017932236","0.90640020867714","Normal"
"0.11378451685343327","0.43367274021570573","0.9094710256343528","Normal"
"0.1374044989139422","0.4781501438892639","0.9523986544646218","Normal"
"0.118727750785236","0.45482841097286475","0.9523986544646218","Normal"
"0.12582235399381778","0.44435043606516994","0.9094710256343528","Normal"
"0.1099076171217786","0.471587299294715","0.9523986544646218","Normal"
"0.15023319851027156","0.48276532682254963","0.90640020867714","Normal"
"0.14091321592927247","0.4927598558499971","0.90640020867714","Normal"
"0.1257504325379325","0.47035238807857355","0.866561808545553","Normal"
"0.1515881920061667","0.4658153372241469","0.9523986544646218","Normal"
"0.128269798195867","0.4927598558499971","0.9523986544646218","Normal"
"0.10751929690700207","0.454784059224473","0.9094710256343528","Normal"
"0.11944485329947568","0.45993376017932236","0.90640020867714","Normal"
"0.10462781686008917","0.4661762864051543","0.9094710256343528","Normal"
"0.14770328387970666","0.48226200294930094","0.9094710256343528","Normal"
"0.1180934770201846","0.4519511353635561","0.9494666865391241","Normal"
"0.12206606947834713","0.4371303121440502","0.9523986544646218","Normal"
"0.14588075383593224","0.4456269879781647","0.9094710256343528","Eye Closed"
"0.11944485329947568","0.45855742614712625","0.9523986544646218","Eye Closed"
"0.2129106099229558","0.4922060623669714","0.957265311877235","Eye Closed"
"0.13271944150336193","0.4576026408139001","0.9094710256343528","Eye Closed"
"0.15895181753573656","0.4693751837949956","0.9523986544646218","Eye Closed"
"0.16106887700552233","0.4693246382234465","0.9523986544646218","Eye Closed"
"0.14906789533153803","0.4695299654632199","0.9094710256343528","Eye Closed"
"0.12696642657793858","0.47340356121706967","0.9523986544646218","Eye Closed"
"0.12382236077536424","0.4927598558499971","0.957265311877235","Eye Closed"
"0.14178770218161857","0.4715033615706664","0.9523986544646218","Eye Closed"
"0.16240332354728815","0.4671804576970644","0.9094710256343528","Eye Closed"
"0.15673658329793871","0.45956159743903646","0.9523986544646218","Eye Closed"
"0.16453560466237377","0.48445221435722424","0.9523986544646218","Eye Closed"
"0.16728296277605717","0.45855742614712625","0.90640020867714","Eye Closed"
"0.18077966699211456","0.4814997847601037","0.9094710256343528","Eye Closed"
"0.15207386447544946","0.4826601822289565","0.9094710256343528","Eye Closed"
"0.16660716824166216","0.47073328943025916","0.9523986544646218","Eye Closed"
"0.15757856102897289","0.4448833943252789","0.9094710256343528","Eye Closed"
"0.19818583607017515","0.5126440936116022","0.8633383808515066","Eye Closed"
"0.16329206725501938","0.4576026408139001","0.9494666865391241","Eye Closed"
"0.19165024389731145","0.4269412647464501","1.1217683861955008","Eye Closed"
"0.19096819103446605","0.42095728919609765","1.2941101922135834","Eye Closed"
"0.20647519614955104","0.4157024861959714","1.2941101922135834","Eye Closed"
"0.2091242154793788","0.4033690728853537","1.382309903438799","Eye Closed"
"0.1985946658624727","0.40396904936575156","1.3802914405901903","Eye Closed"
"0.2053017023700264","0.4249252798122236","1.3802914405901903","Eye Closed"
"0.20566800213461278","0.4102457859103246","1.3802914405901903","Eye Closed"
"0.1923128304116538","0.40393584869802407","1.4233841030560632","Eye Closed"
"0.1771595891186546","0.4091836895059078","1.4658440861013713","Eye Closed"
"0.20420411776551617","0.41916017545516965","1.466477964654718","Eye Closed"
"0.20357823022565935","0.3981797495114418","1.466477964654718","Eye Closed"
"0.19190785178208433","0.39719271718350063","1.4233841030560632","Eye Closed"
"0.18669966469346272","0.402893625573821","1.466477964654718","Eye Closed"
"0.21171489384639347","0.429439616825702","1.466477964654718","Eye Closed"
"0.21609540511937853","0.4401997792177279","1.5095729226910284","Eye Closed"
"0.19288065160013518","0.39596391829471533","1.5095729226910284","Eye Closed"
"0.18043705919996805","0.4201646062526525","1.5526688858687745","Eye Closed"
"0.18743353981102412","0.4025865635002146","1.5526688858687745","Eye Closed"
"0.21012093189916364","0.39422700989626985","1.5526688858687745","Eye Closed"
"0.2112430636205479","0.3963183014201469","1.5526688858687745","Eye Closed"
"0.2383086552176895","0.409676252214564","1.5526688858687745","Eye Closed"
"0.21171489384639347","0.3938256556229158","1.6388635104693603","Eye Closed"
"0.19921703075769004","0.40942685778932264","1.6388635104693603","Eye Closed"
"0.199338301715786","0.3890466212719264","1.595765772752063","Eye Closed"
"0.199338301715786","0.4012356437295502","1.6388635104693603","Eye Closed"
"0.20601993531733953","0.40128309395089784","1.6388635104693603","Eye Closed"
"0.19167346832089746","0.38922635443612785","1.595765772752063","Eye Closed"
"0.18743353981102412","0.395243400529425","1.6388635104693603","Eye Closed"
"0.22215411258904036","0.4205238910541618","1.595765772752063","Eye Closed"
"0.20765996776617127","0.40465695135202207","1.595765772752063","Eye Closed"
"0.20357823022565935","0.40140579011924854","1.6388635104693603","Eye Closed"
"0.20324057942932158","0.38917256883387186","1.595765772752063","Eye Closed"
"0.19921703075769004","0.41916017545516965","1.595765772752063","Eye Closed"
"0.19921703075769004","0.38668794597902356","1.6388635104693603","Eye Closed"
"0.2149910617692935","0.4041850991611085","1.5526688858687745","Eye Closed"
"0.19860261014976469","0.4192087825810536","1.5975120061099473","Eye Closed"
"0.2053792208141486","0.4309712941574463","1.5526688858687745","Eye Closed"
"0.20928149852768418","0.42361888829588096","1.5526688858687745","Eye Closed"
"0.22116039965277093","0.44917286535146533","1.5526688858687745","Eye Closed"
"0.199338301715786","0.4408658519154631","1.5526688858687745","Eye Closed"
"0.20357823022565935","0.4225390976409204","1.5526688858687745","Eye Closed"
"0.21242186735379537","0.4192087825810536","1.5526688858687745","Eye Closed"
"0.20469544457292888","0.42453535155327693","1.5526688858687745","Eye Closed"
"0.22584929342892945","0.4041850991611085","1.5114187431351946","Eye Closed"
"0.21415162839781404","0.411694388499094","1.5095729226910284","Eye Closed"
"0.2296289504196687","0.4501585381956795","1.466477964654718","Eye Closed"
"0.24502908487519687","0.42666946479315515","1.3802914405901903","Eye Closed"
"0.23376381967850585","0.4483667603414902","1.3372000931870034","Eye Closed"
"0.20735192364743527","0.4217798137777292","1.2933918406776805","Eye Closed"
"0.23269224698616692","0.42916689387165535","1.336504902033603","Eye Closed"
"0.21188700015931583","0.4185414129104091","1.2941101922135834","Eye Closed"
"0.24744862476926166","0.41289042242700763","1.2941101922135834","Eye Closed"
"0.20297212846589668","0.40257791051528313","1.1648507730263453","Eye Closed"
"0.19992853775549918","0.39578108026946573","1.1648507730263453","Eye Closed"
"0.18594893885412472","0.43060845579978124","1.0786884504963428","Eye Closed"
"0.16329206725501938","0.41835135078372243","1.0356112718195483","Eye Closed"
"0.18435765506919571","0.4654365411689006","0.9953423128263976","Eye Closed"
"0.1620698813724415","0.4177853751205935","0.9953423128263976","Eye Closed"
"0.17040130003658427","0.4672762510550086","0.9925372091383593","Eye Closed"
"0.16329206725501938","0.49258888882313734","0.9494666865391241","Eye Closed"
"0.17045027531192536","0.4862573578123723","0.9925372091383593","Eye Closed"
"0.17045027531192536","0.42177171047444983","0.9953423128263976","Eye Closed"
"0.17286954389913284","0.39907947873513017","0.9925372091383593","Eye Closed"
"0.1620698813724415","0.43219445784110666","1.0383000117972363","Eye Closed"
"0.16728296277605717","0.43813448343596045","0.9925372091383593","Eye Closed"
"0.164828157551768","0.5508834614800697","0.9925372091383593","Eye Closed"
"0.18227877133515025","0.6646043576213164","0.9953423128263976","Eye Closed"
"0.20508913757148367","0.5965533300458741","0.9953423128263976","Eye Closed"
"0.20737163776221573","0.6157246540254045","1.0347134725421443","Eye Closed"
"0.2141584417501981","0.6021986324029254","1.0812700779234758","Eye Closed"
"0.22029688026520844","0.5639177120454263","1.0812700779234758","Eye Closed"
"0.23352488111458836","0.6109102642529555","1.0383000117972363","Eye Closed"
"0.22050914528368004","0.6481376142331676","1.0786884504963428","Eye Closed"
"0.2461528952138189","0.6192129149665055","1.0356112718195483","Eye Closed"
"0.20751226416092913","0.6380276157488898","1.0356112718195483","Eye Closed"
"0.2027575697444569","0.6113265644824933","1.0812700779234758","Eye Closed"
"0.2084378712784385","0.6982483277617625","1.0786884504963428","Eye Closed"
"0.20297212846589668","0.6397567535927963","1.0786884504963428","Eye Closed"
"0.20832203663275717","0.7072642678984142","1.0356112718195483","Eye Closed"
"0.2631084423265667","0.6017537949130217","0.9925372091383593","Eye Closed"
"0.18370261274598498","0.7711045259760665","0.9925372091383593","Eye Closed"
"0.1873732833141665","0.8111985229577752","0.90640020867714","Eye Closed"
"0.19532250593769057","0.7862919634170299","0.90640020867714","Eye Closed"
"0.19927756659604828","0.7966591725834924","0.90640020867714","Eye Closed"
"0.21961793903533655","0.6642322121725462","0.9494666865391241","Eye Closed"
"0.2344799269187324","0.7028215867468904","0.90640020867714","Eye Closed"
"0.22082496086809614","0.7044241486737729","0.9925372091383593","Eye Closed"
"0.23229065854317654","0.6768799448412028","0.9494666865391241","Eye Closed"
"0.21322308754939343","0.7124660722457271","0.9094710256343528","Eye Closed"
"0.20751226416092913","0.72109167236252","0.9523986544646218","Eye Closed"
"0.23898696217176868","0.7041285197496011","0.90640020867714","Eye Closed"
"0.2514407985899734","0.6945792539925609","0.90640020867714","Eye Closed"
"0.20974111326173642","0.7215432420380195","0.9494666865391241","Eye Closed"
"0.2029815165583684","0.7028215867468904","0.9953423128263976","Eye Closed"
"0.22179609013067808","0.6884875109686481","0.9494666865391241","Eye Closed"
"0.20974111326173642","0.682723417902222","0.9523986544646218","Eye Closed"
"0.1966244864962648","0.6648928409090185","0.9523986544646218","Eye Closed"
"0.20259386648976624","0.6654728437263845","0.9494666865391241","Eye Closed"
"0.22179609013067808","0.6994345281398227","0.8633383808515066","Eye Closed"
"0.19415624263371623","0.7010506533492596","0.9494666865391241","Eye Closed"
"0.20811259766632767","0.823148803497729","0.90640020867714","Eye Closed"
"0.2149096242313214","0.763639528056784","0.9494666865391241","Eye Closed"
"0.24654388593232787","0.7488864797385182","0.8633383808515066","Eye Closed"
"0.2416495000447121","0.7289639119574083","0.9053742884743764","Eye Closed"
"0.22697221527909348","0.8130503335710255","0.866561808545553","Eye Closed"
"0.22611093178969624","0.7304924052156001","0.8633383808515066","Eye Closed"
"0.2312868250413357","0.7627676019653855","0.8633383808515066","Eye Closed"
"0.20072912049632133","0.6577672739625359","0.8633383808515066","Eye Closed"
"0.17832744961220542","0.5577259228586261","0.8633383808515066","Eye Closed"
"0.14537633103811204","0.46926742064079036","0.8633383808515066","Eye Closed"
"0.15248204565172996","0.3092006172872198","0.9494666865391241","Eye Closed"
"0.16794878622393308","0.37261459863782515","0.9494666865391241","Eye Closed"
"0.1305386975836586","0.40728864705783646","0.9494666865391241","Eye Closed"
"0.13131541878707848","0.4124520341881469","0.9494666865391241","Eye Closed"
"0.11513021007949599","0.3863594883921581","0.9494666865391241","Eye Closed"
"0.11591712901993906","0.3581267310215298","0.948487349830299","Eye Closed"
"0.11218965446160399","0.3826890311543921","0.9494666865391241","Eye Closed"
"0.12431443304358539","0.4170978397745269","0.9494666865391241","Eye Closed"
"0.15722969947610282","0.43945437940183485","0.9494666865391241","Eye Closed"
"0.1662883617166202","0.43682562502697414","0.948487349830299","Eye Closed"
"0.2067284988995498","0.3749447350965977","0.9494666865391241","Eye Closed"
"0.21148219780872907","0.4607663675748312","0.90640020867714","Eye Closed"
"0.20657816067981655","0.442408809983617","0.9053742884743764","Eye Closed"
"0.1533400753547332","0.4093211005025699","0.9494666865391241","Eye Closed"
"0.18245272608251017","0.42988488944561","0.9494666865391241","Eye Closed"
"0.2029194781845049","0.44259653587389175","0.9523986544646218","Eye Closed"
"0.15444119787859456","0.47381994263960064","0.948487349830299","Eye Closed"
"0.16677577856265247","0.5036454156957334","0.9494666865391241","Eye Closed"
"0.17321524566533542","0.48145499469734676","0.9494666865391241","Eye Closed"
"0.16171968941607365","0.46632587882501403","0.9925372091383593","Eye Closed"
"0.13911465364156012","0.46518418009968776","1.0347134725421443","Eye Closed"
"0.14012602960099863","0.48028539287435723","1.0356112718195483","Eye Closed"
"0.1563599588024008","0.44627357686740143","1.0383000117972363","Eye Closed"
"0.1583651580719053","0.4873489321229975","0.9953423128263976","Eye Closed"
"0.15287879285030032","0.4613665828189396","1.0383000117972363","Eye Closed"
"0.18025499544875728","0.5020292357493824","1.0383000117972363","Eye Closed"
"0.17490355509850172","0.4694148409122351","0.9953423128263976","Eye Closed"
"0.17137346969847606","0.48390069660360746","1.0","Eye Closed"
"0.19928054356653563","0.5386822890481969","1.0","Eye Closed"
"0.16855885875398777","0.5299968079914507","0.957265311877235","Eye Closed"
"0.1673168074001118","0.5217399968877143","1.0","Eye Closed"
"0.1679684197435408","0.5197335266177201","1.0","Eye Closed"
"0.1826944887022836","0.5469120674021838","1.0","Eye Closed"
"0.18328093049985061","0.47652037714627066","1.0","Eye Closed"
"0.1679684197435408","0.43944113849075517","1.0427658389089751","Eye Closed"
"0.2139332670928642","0.4437778447716876","1.0489860567290186","Eye Closed"
"0.1893461768338833","0.41473368287243584","1.0569296910141242","Eye Closed"
"0.2190457245949068","0.42543562981151706","1.0569296910141242","Eye Closed"
"0.1929993250531513","0.4240392517506181","1.014760945716612","Eye Closed"
"0.28222058065959643","0.4371292246223556","1.066558234885225","Normal"
"0.17538995159039614","0.45350895112091305","1.0569296910141242","Normal"
"0.1870908102444285","0.42569295508152116","1.0991717057228638","Normal"
"0.17278207035431703","0.41941584583668656","1.141478855562015","Normal"
"0.19062373673478733","0.398968979222843","1.0569296910141242","Normal"
"0.18853678321474343","0.4074943518093879","1.1084333698134432","Normal"
"0.20146034121540768","0.41473368287243584","1.0569296910141242","Normal"
"0.19625353814993224","0.41266336201657655","1.0991717057228638","Normal"
"0.20852690257362644","0.5439205038841802","1.0","Normal"
"0.18238638995023804","0.5260180024845125","0.90640020867714","Normal"
"0.16808727131734297","0.5156578404329478","0.8622612271184538","Normal"
"0.16074187559674225","0.4886089138774781","0.819148165762531","Normal"
"0.11419404476882689","0.45821757100340405","0.7760351044066083","Normal"
"0.13516905198125578","0.45134667801926914","0.8622612271184538","Normal"
"0.17024002284132106","0.4348940462642746","1.0786884504963428","Normal"
"0.1658600953695929","0.44165847126950564","1.1648507730263453","Normal"
"0.18720952462863744","0.4329945657346434","1.336504902033603","Normal"
"0.2073899158371777","0.4479217644485842","1.4233841030560632","Normal"
"0.21644212329099172","0.4277220239473118","1.4227310247454485","Normal"
"0.2093680815058443","0.4479187418256011","1.4227310247454485","Normal"
"0.19409616556664672","0.4262565669259045","1.466477964654718","Normal"
"0.20432538872361214","0.4643550380093155","1.4658440861013713","Normal"
"0.230627085783616","0.46281239792172996","1.508957147457294","Normal"
"0.20600314390116062","0.47565290714021163","1.5526688858687745","Normal"
"0.2832407014435547","0.3522904793365897","1.4683779584957966","Normal"
"0.3031011468139608","0.47813904631305165","1.3802914405901903","Normal"
"0.21412655331790675","0.5887251842058978","0.90640020867714","Normal"
"0.1568627450980392","0.5125829263418377","1.2071657179658353","Normal"
"0.1388888888888889","0.45","1.2102413043975522","Normal"
"0.1387605849893399","0.43946385339642596","1.2079353487217146","Normal"
"0.1453602923880971","0.4419911722888508","1.2102413043975522","Normal"
"0.1453602923880971","0.38289215822874556","1.2532485668295108","Normal"
"0.15775555198978777","0.4334292110061515","1.25102188713139","Normal"
"0.1665383627671177","0.39874812789116887","1.2532485668295108","Normal"
"0.19444444444444442","0.40771107569516335","1.2079353487217146","Normal"
"0.16228070175438597","0.4068608926042454","1.25102188713139","Normal"
"0.18055555555555555","0.4179038525875424","1.2079353487217146","Normal"
"0.18280941194678305","0.4320337938390344","1.2102413043975522","Normal"
"0.1527777777777778","0.4315845456956609","1.25102188713139","Normal"
"0.19208164191034222","0.39298176562475007","1.2079353487217146","Normal"
"0.1937298079038987","0.4078287018903119","1.1648507730263453","Normal"
"0.18055555555555555","0.3931190979449262","1.2102413043975522","Normal"
"0.19081775219538666","0.4006573331921186","1.2079353487217146","Normal"
"0.18027756377319948","0.40239539537750085","1.2079353487217146","Normal"
"0.1821130355399121","0.39466607934114584","1.2079353487217146","Normal"
"0.21045541568224366","0.3931190979449262","1.2079353487217146","Normal"
"0.2104340316989855","0.40319253469842997","1.2079353487217146","Normal"
"0.20432120830074146","0.3923418745000168","1.2102413043975522","Head Bending"
"0.18718188054415263","0.39792035582780133","1.2079353487217146","Head Bending"
"0.18702872251857733","0.37509020337975296","1.2079353487217146","Head Bending"
"0.19594019086243702","0.41969156246510186","1.1648507730263453","Head Bending"
"0.18393137228668802","0.4291510074031917","1.1648507730263453","Head Bending"
"0.18283646775001153","0.40509456260053295","1.1217683861955008","Head Bending"
"0.20571285578192483","0.46493854435902904","1.1648507730263453","Head Bending"
"0.18603273000936327","0.48708726418067055","1.1217683861955008","Head Bending"
"0.21966931288240177","0.45308808684505586","1.1648507730263453","Head Bending"
"0.1876915073037162","0.4785778625097305","1.077826533898067","Head Bending"
"0.17776913797906302","0.45772856262579614","1.1209395952539898","Head Bending"
"0.20634502635806667","0.4963945524227302","1.1209395952539898","Head Bending"
"0.19758628452025984","0.4497004366133557","1.1209395952539898","Head Bending"
"0.19235539640374077","0.42363889356958845","1.1209395952539898","Head Bending"
"0.1959505059033651","0.44182505142729994","1.1209395952539898","Head Bending"
"0.20624273708537394","0.4577330738764982","1.1209395952539898","Head Bending"
"0.19648622510421287","0.4468862559729071","1.1209395952539898","Head Bending"
"0.168660445116028","0.4081789192767095","1.2071657179658353","Head Bending"
"0.20402564364761583","0.4162467855029233","1.1648507730263453","Head Bending"
"0.2077386964266018","0.3921405796932409","1.1672418479469082","Head Bending"
"0.17817115293856867","0.44320406506034293","1.219421521699385","Head Bending"
"0.1794314131467482","0.4656644777114907","1.183844157331354","Head Bending"
"0.23970724239251764","0.4782919705579596","1.183844157331354","Head Bending"
"0.2629236234780974","0.4872747238274247","1.2025375895476584","Head Bending"
"0.2670784674853555","0.4766780267541048","1.1608547037087271","Head Bending"
"0.2391175329598378","0.47742345346118226","1.1608547037087271","Head Bending"
"0.2601926379109709","0.49929498698319263","1.1728020651477682","Eye Closed"
"0.258450228033846","0.5311491265182855","1.2140748309586546","Eye Closed"
"0.2136304906388266","0.490513458180479","1.2554712973376418","Eye Closed"
"0.2751275776628249","0.4342772565201671","1.2443179406994291","Eye Closed"
"0.3140271357404345","0.5076613105766252","1.3385893923598418","Normal"
"0.2864405010434198","0.4619060891562255","1.3281342253123727","Normal"
"0.28508798595441937","0.47703113873707165","1.2861862590374704","Normal"
"0.3592329430757548","0.5294406369068573","1.234570195968311","Normal"
"0.31362221475624236","0.5238462058917663","1.2443179406994291","Normal"
"0.34517649936829103","0.5624016035288975","1.1084333698134432","Normal"
"0.2889481703296143","0.5462962962962963","1.066558234885225","Normal"
"0.28139708280690917","0.5555555555555556","1.0247857696152636","Normal"
"0.24561430174389304","0.504978334962891","1.0569296910141242","Normal"
"0.27025399642472836","0.50905833194496","1.0383000117972363","Normal"
"0.19705141555051026","0.4649947762901388","1.0786884504963428","Normal"
"0.14284697188378237","0.47847521479428157","1.1217683861955008","Normal"
"0.16707354380179257","0.4417599413928859","1.1712161251860864","Normal"
"0.17692886330649776","0.41933916875469496","1.1672418479469082","Normal"
"0.16215239785483698","0.44760579475316986","1.2079353487217146","Normal"
"0.1527777777777778","0.46384223724293416","1.2079353487217146","Normal"
"0.1388888888888889","0.46719028882464925","1.2079353487217146","Normal"
"0.1527777777777778","0.4180181287097061","1.2079353487217146","Normal"
"0.21388121571563407","0.46455751931326106","1.1648507730263453","Normal"
"0.23308440839953978","0.5094374849953642","1.0383000117972363","Normal"
"0.16625019652786388","0.48381490443850167","1.0991717057228638","Normal"
"0.16482720423708108","0.45664598544836643","1.0569296910141242","Normal"
"0.1429221218315988","0.5114590430889459","1.066558234885225","Normal"
"0.20347669335415314","0.4642363752588794","1.0489860567290186","Normal"
"0.20167871649418662","0.488368626954051","1.0569296910141242","Normal"
"0.2576988318883352","0.4956184500877251","1.0","Normal"
"0.2706358259271286","0.4890811304016969","1.0","Normal"
"0.2582319521976685","0.4695299654632199","0.9586268915701143","Normal"
"0.2459887188001859","0.4927598558499971","1.0","Normal"
"0.24432884799384774","0.4891186450181317","1.0","Normal"
"0.21281939069394923","0.4817030958968119","0.9586268915701143","Normal"
"0.1715768167096699","0.47056031028634226","0.9586268915701143","Normal"
"0.23888694845685154","0.5097342042083549","0.9172673058301096","Normal"
"0.23119796749210883","0.5087586235837009","0.9586268915701143","Normal"
"0.2445113483267537","0.4915171092558109","1.0","Normal"
"0.23764532911734437","0.49405511362306276","0.9586268915701143","Normal"
"0.2442883717343723","0.46834743393986866","0.9586268915701143","Normal"
"0.23167639868331902","0.5046043340680754","0.9586268915701143","Normal"
"0.24992209278579428","0.47815014388926397","0.9586268915701143","Normal"
"0.207050261233181","0.4826601822289565","0.9586268915701143","Normal"
"0.22070777631633437","0.44739440232658045","0.9586268915701143","Normal"
"0.2233454207465","0.4683063460936279","0.9586268915701143","Normal"
"0.23420479075015804","0.5035017241373492","0.9631127695636433","Normal"
"0.246856178781557","0.46167500924047744","0.9586268915701143","Normal"
"0.25899456144377797","0.47068274385871006","0.9586268915701143","Normal"
"0.25899456144377797","0.47171049371383705","0.9559252603882146","Normal"
"0.23602925753455434","0.47171049371383705","0.9586268915701143","Normal"
"0.246856178781557","0.45667113843346446","0.9144434900811117","Normal"
"0.24815190833699977","0.44497633661740665","0.9559252603882146","Normal"
"0.24104680471935033","0.49693495828774464","0.9172673058301096","Normal"
"0.2431029173114868","0.46855029383427754","0.875923158336589","Normal"
"0.2544167426260457","0.45133765985725594","0.9172673058301096","Normal"
"0.2379909943283625","0.4695299654632199","0.9144434900811117","Normal"
"0.2282116743956342","0.4695299654632199","0.8729656153121046","Normal"
"0.10751929690700207","0.4979455353589259","0.9586268915701143","Normal"
"0.14412428629246898","0.4646059076410153","0.9172673058301096","Normal"
"0.15913185897652693","0.477122394034137","0.9172673058301096","Normal"
"0.12938836259162168","0.4715816029132366","0.875923158336589","Normal"
"0.2099479424127796","0.5163770416196641","0.6242236557627346","Normal"
"0.10850905493841631","0.4966842431054997","0.7107548197466574","Normal"
"0.2569957525627268","0.4503368326348043","0.748561839520428","Normal"
"0.16821446409712412","0.44842749088768963","1.0388986210538478","Normal"
"0.18399285851816544","0.43254474408877963","1.0803894572376875","Normal"
"0.17598776724285595","0.42459254965427623","1.0388986210538478","Normal"
"0.17014246251347862","0.4389154579122138","1.0413850193951755","Normal"
"0.15003031617121887","0.45053159782021046","1.0413850193951755","Normal"
"0.1469688170859586","0.4942264138553162","1.04551587662544","Normal"
"0.16317002445190978","0.44283888602549804","1.0413850193951755","Normal"
"0.14330831300109392","0.4408658519154631","1.0","Normal"
"0.21419641096913966","0.4532103092346412","1.0803894572376875","Normal"
"0.1565136412420483","0.46855029383427754","1.0827805840074196","Normal"
"0.1789874847444059","0.49697803060406637","1.0803894572376875","Normal"
"0.17999320770052762","0.45476125627470987","1.1218826541377545","Eye Closed"
"0.12421134251879604","0.45607214647553446","1.1218826541377545","Eye Closed"
"0.19577618310597028","0.411060731568201","1.1218826541377545","Eye Closed"
"0.181230682857284","0.45482841097286475","1.1218826541377545","Eye Closed"
"0.1535785584271949","0.4050942714909197","1.0827805840074196","Eye Closed"
"0.18353661671557103","0.3872928870251312","1.0803894572376875","Eye Closed"
"0.21267700415188925","0.3585456347848434","1.0803894572376875","Eye Closed"
"0.18842573212048083","0.3799408107129226","1.0827805840074196","Eye Closed"
"0.14263024448797046","0.39609539553644724","1.0803894572376875","Eye Closed"
"0.14554123991333945","0.38910412569605896","1.0803894572376875","Eye Closed"
"0.14403378617908535","0.46888244716077565","1.0827805840074196","Eye Closed"
"0.11100860437407785","0.4658377922069292","1.0388986210538478","Eye Closed"
"0.14518261004010208","0.46888244716077565","1.0388986210538478","Eye Closed"
"0.17630412822471386","0.4826096491040075","1.0413850193951755","Eye Closed"
"0.15511464872394354","0.45860983167125907","1.0388986210538478","Eye Closed"
"0.15913185897652693","0.4708460690001934","1.0803894572376875","Eye Closed"
"0.16754770675249026","0.463380981636819","1.0413850193951755","Eye Closed"
"0.14251241137445736","0.4672203137182519","1.0388986210538478","Eye Closed"
"0.14792121271313224","0.45860983167125907","1.0388986210538478","Eye Closed"
"0.1802028274294511","0.48050170676023635","1.0388986210538478","Eye Closed"
"0.1962351263677617","0.446654361674836","0.9559252603882146","Eye Closed"
"0.18474701519769882","0.4814991894891101","1.0","Eye Closed"
"0.17286954389913284","0.4858061638659005","0.9974104401934525","Eye Closed"
"0.21517627534721373","0.4943805931901371","1.0388986210538478","Eye Closed"
"0.16776663704952216","0.47761053224926847","1.0413850193951755","Eye Closed"
"0.18648135739379765","0.4504128414397093","0.9974104401934525","Eye Closed"
"0.14812977809837807","0.4956224351960513","1.0803894572376875","Eye Closed"
"0.1978948817076731","0.4861637920645259","1.1218826541377545","Eye Closed"
"0.19318836639999085","0.48121467897090936","1.163377959161196","Eye Closed"
"0.20843372046647887","0.4942264138553162","1.2041594578792296","Eye Closed"
"0.20895382132375295","0.5008544543333178","1.2463740513433634","Eye Closed"
"0.1915061294488672","0.4627418431685263","1.2463740513433634","Eye Closed"
"0.22834028361641506","0.4819558092059827","1.3708794056471876","Eye Closed"
"0.21735505913082312","0.4199603680995553","1.4538889584312402","Eye Closed"
"0.19548674276427902","0.37063999817555215","1.4538889584312402","Eye Closed"
"0.2063668213851509","0.38285562600445505","1.5369023929701071","Eye Closed"
"0.19512039636125322","0.4340233595155829","1.5369023929701071","Eye Closed"
"0.20049849021541688","0.4550008347081123","1.497123679040856","Eye Closed"
"0.1950149061554884","0.4442837410587306","1.5385842126157232","Eye Closed"
"0.21709302062205238","0.45508499312747","1.5369023929701071","Eye Closed"
"0.2010721401060987","0.45547977445616755","1.5778641172210595","Eye Closed"
"0.19837044955919172","0.4224633426365613","1.6199191124974366","Eye Closed"
"0.22368588640559628","0.4303333107785585","1.5784103745049407","Eye Closed"
"0.21662564583804628","0.4435323712301952","1.621514830282963","Eye Closed"
"0.20762098206062507","0.46985975070638814","1.70293863659264","Eye Closed"
"0.19431494252460696","0.42142312382343283","1.6614285502501174","Eye Closed"
"0.23791156026005805","0.4358216608220262","1.7044566330045197","Eye Closed"
"0.20386503054341226","0.4427659065670486","1.70293863659264","Eye Closed"
"0.2287742165836198","0.4206690909701738","1.7444493252243993","Eye Closed"
"0.19690862390941566","0.43512765011912957","1.70293863659264","Eye Closed"
"0.22777065693080073","0.4482510673546172","1.7444493252243993","Eye Closed"
"0.22029876256611305","0.41588149822901177","1.7444493252243993","Eye Closed"
"0.22096893078778965","0.4074259077166957","1.7444493252243993","Eye Closed"
"0.21926820349411233","0.4389492253017085","1.7444493252243993","Eye Closed"
"0.19690028088036837","0.4445383154957916","1.7459312306242092","Eye Closed"
"0.21995063800842746","0.4601357559993764","1.70293863659264","Eye Closed"
"0.23561005672899404","0.4445383154957916","1.70293863659264","Eye Closed"
"0.22558491852733314","0.4479382953295757","1.70293863659264","Eye Closed"
"0.2089487366416965","0.4389154579122138","1.6614285502501174","Eye Closed"
"0.21887734308799794","0.4304186922983671","1.6199191124974366","Eye Closed"
"0.14545414994742623","0.38396539789431594","1.5784103745049407","Eye Closed"
"0.1751816687422149","0.36142404926542154","1.6199191124974366","Eye Closed"
"0.17454350789805895","0.36471349067270076","1.621514830282963","Eye Closed"
"0.2425679937941405","0.444993611371894","1.6199191124974366","Eye Closed"
"0.2249762737377158","0.4580399628132108","1.6199191124974366","Eye Closed"
"0.2315455526287149","0.4037507733422597","1.6193868571479293","Eye Closed"
"0.2577960784426754","0.4584414882193134","1.5784103745049407","Eye Closed"
"0.26059013253819197","0.42118935535599644","1.5363413772941894","Eye Closed"
"0.24577652553225138","0.449675322251008","1.4123836540426602","Eye Closed"
"0.2578821642638852","0.4981445793123349","1.2898810423633165","Eye Closed"
"0.25054754487896","0.5960670675311283","1.124185528926732","Eye Closed"
"0.25559283271274147","0.5634759880160133","1.0827805840074196","Eye Closed"
"0.22677832006370494","0.6123987755063326","1.0","Eye Closed"
"0.20874145758544035","0.7028215867468904","1.0","Eye Closed"
"0.1977903687740385","0.648319673655669","0.9586268915701143","Eye Closed"
"0.18786050370409346","0.6654009374693403","0.9586268915701143","Eye Closed"
"0.20244340587987242","0.6727579394630396","0.875923158336589","Eye Closed"
"0.19421951285060723","0.7488415746098024","0.875923158336589","Eye Closed"
"0.21439034940093743","0.7976615400463967","0.9172673058301096","Eye Closed"
"0.16257624022439138","0.8032566287483863","0.8345967434263873","Eye Closed"
"0.22803356683320752","0.8232321638981841","0.875923158336589","Eye Closed"
"0.20006057422508866","0.7370096544640565","0.8345967434263873","Eye Closed"
"0.15807898585140367","0.7127873200634235","0.875923158336589","Eye Closed"
"0.1340613288372435","0.6654353689336252","0.8808303292720552","Eye Closed"
"0.16537887399781226","0.5152919826063322","0.9144434900811117","Eye Closed"
"0.1571526625522648","0.5099938036384423","0.9144434900811117","Eye Closed"
"0.1305473961175175","0.5315151972235647","0.9172673058301096","Eye Closed"
"0.11545530782365516","0.5591080678794262","0.9586268915701143","Eye Closed"
"0.13778940509744494","0.5238162082617407","0.9559252603882146","Eye Closed"
"0.2229060456986099","0.4769260307767969","1.0380684981717496","Eye Closed"
"0.178883824455844","0.47479091977254484","1.124185528926732","Eye Closed"
"0.14640772187840045","0.4925506161784338","1.0413850193951755","Eye Closed"
"0.1177342094402766","0.5637770165737529","1.0388986210538478","Eye Closed"
"0.10770091120885752","0.596045670660432","0.9974104401934525","Eye Closed"
"0.10770091120885752","0.6040240391909554","0.8729656153121046","Eye Closed"
"0.13772007016727358","0.558249814696674","0.7474093186836598","Eye Closed"
"0.08970684094561607","0.6355471532277301","0.6228410989030498","Eye Closed"
"0.06788864772650535","0.6008525775275448","0.5397956190493098","Eye Closed"
"0.11648364821190725","0.7175330951402906","0.6759412339280227","Eye Closed"
"0.1402895749364303","0.6437380721094202","1.0043010951179792","Eye Closed"
"0.12867435503395258","0.5843887240872495","0.8808303292720552","Eye Closed"
"0.07836324582158258","0.6822660787052309","0.7071067811865477","Eye Closed"
"0.13949918104044778","0.6184936981070585","0.7107548197466574","Eye Closed"
"0.13028758897126308","0.6839189074548085","0.6242236557627346","Eye Closed"
"0.167887360319801","0.6757138481208872","0.5397956190493098","Eye Closed"
"0.1355700496359197","0.706492744368315","0.6242236557627346","Eye Closed"
"0.11939170454639364","0.7968711222637265","0.5827994272593214","Eye Closed"
"0.12307640722875257","0.778021977980973","0.5827994272593214","Eye Closed"
"0.15946983765948153","0.6829673023581267","0.6242236557627346","Eye Closed"
"0.20683944850650424","0.6350608988807079","0.8314922190524863","Eye Closed"
"0.10718511986737311","0.7650329895709984","0.7900240066190917","Eye Closed"
"0.15544595371238032","0.6826268244387258","0.8304547985373997","Eye Closed"
"0.14600627786252568","0.6663660102201906","0.8719775384642696","Eye Closed"
"0.14070341277665638","0.6353973922010355","0.9135002783911396","Eye Closed"
"0.12039244073965051","0.6594709680289613","0.8304547985373997","Eye Closed"
"0.107785633315301","0.6894349665335622","0.8729656153121046","Eye Closed"
"0.10496762254792272","0.6667413826480786","0.8719775384642696","Eye Closed"
"0.11177337764117118","0.5508786547561402","0.8304547985373997","Eye Closed"
"0.13179798800941403","0.5751114963441505","0.8719775384642696","Eye Closed"
"0.10794045693362483","0.6533724564520655","0.8719775384642696","Eye Closed"
"0.1770430936856152","0.5341086271713712","0.9135002783911396","Eye Closed"
"0.15607338755652395","0.5312550918813876","0.9550230183180097","Eye Closed"
"0.11301316289165317","0.4071901061370372","0.9144434900811117","Eye Closed"
"0.11420697950882727","0.40582835043718535","0.9550230183180097","Eye Closed"
"0.1554769080640274","0.4299681099628882","0.9559252603882146","Eye Closed"
"0.14756868289081992","0.42313653990113786","0.9135002783911396","Eye Closed"
"0.14345957288828748","0.4514267501207582","0.9135002783911396","Eye Closed"
"0.14017111112462977","0.47011799383977126","0.9550230183180097","Eye Closed"
"0.13431757775022524","0.3645102278150054","0.9135002783911396","Eye Closed"
"0.11746581064278568","0.4407157586782553","0.9135002783911396","Eye Closed"
"0.14165593042199043","0.4308587562828711","0.9550230183180097","Eye Closed"
"0.1303889481348839","0.4075282933141414","0.9144434900811117","Eye Closed"
"0.14600627786252568","0.4604657721122412","0.9550230183180097","Eye Closed"
"0.12036387666945202","0.46685354543862617","0.9550230183180097","Eye Closed"
"0.12974131494775343","0.45066892608149417","0.9550230183180097","Eye Closed"
"0.11174613899816083","0.44972569036754056","0.9135002783911396","Eye Closed"
"0.12914686580749846","0.4588153840760507","0.9550230183180097","Eye Closed"
"0.14165593042199043","0.48362222634914254","0.9550230183180097","Eye Closed"
"0.16497152095838286","0.5100333790708041","0.9974104401934525","Eye Closed"
"0.18423963510464597","0.5175118104892784","0.9135002783911396","Eye Closed"
"0.1554769080640274","0.4327122401543516","0.9135002783911396","Eye Closed"
"0.16960383020116873","0.46473720115220796","0.9135002783911396","Eye Closed"
"0.16579407997003415","0.5056212171658602","0.9135002783911396","Eye Closed"
"0.157755618605348","0.5205644927784817","0.9965457582448797","Eye Closed"
"0.13269820580412905","0.5048591709073151","0.9586268915701143","Eye Closed"
"0.15958445704543706","0.5099364938853579","1.0","Eye Closed"
"0.12637831777520092","0.5203694564096711","0.9631127695636433","Eye Closed"
"0.13531942198300048","0.48176623051352857","1.0413850193951755","Eye Closed"
"0.1452605888602368","0.5109142483961558","1.0","Eye Closed"
"0.16552176684448033","0.47049699565294184","1.0388986210538478","Eye Closed"
"0.17428096584653535","0.4586491924352554","1.0388986210538478","Eye Closed"
"0.16601652330481975","0.4632806158484341","1.0413850193951755","Eye Closed"
"0.12389135395167869","0.4499034320101935","0.9974104401934525","Eye Closed"
"0.15756945394823269","0.4728313765622366","0.9586268915701143","Eye Closed"
"0.1706371203045306","0.4678158905019004","0.9144434900811117","Eye Closed"
"0.1535515371517926","0.4531180465082485","0.7900240066190917","Eye Closed"
"0.13875973938331848","0.44747271736216465","0.748561839520428","Eye Closed"
"0.12487828615518054","0.43614860141817435","0.748561839520428","Eye Closed"
"0.12101713926764372","0.5004613612357973","0.8729656153121046","Eye Closed"
"0.125","0.4778177953845473","0.9559252603882146","Eye Closed"
"0.11306356214843422","0.5143401687999557","0.9144434900811117","Eye Closed"
"0.18333333333333335","0.4810043047427725","0.8729656153121046","Eye Closed"
"0.18311184911899422","0.5101595152916489","0.9144434900811117","Eye Closed"
"0.19356742923277082","0.5098555648225109","0.9135002783911396","Eye Closed"
"0.18731742923277078","0.525829724679256","0.9144434900811117","Eye Closed"
"0.1962720569022438","0.53076986915289","0.8719775384642696","Eye Closed"
"0.178125","0.5103641445416308","0.8719775384642696","Eye Closed"
"0.18060215313178937","0.5198799644835289","0.8729656153121046","Eye Closed"
"0.1829272789403783","0.5495352468713813","0.9135002783911396","Eye Closed"
"0.1829272789403783","0.5495352468713813","0.8719775384642696","Eye Closed"
"0.16648209648805073","0.5196078431372549","0.8729656153121046","Eye Closed"
"0.13711142926034925","0.5356339028012116","0.8729656153121046","Eye Closed"
"0.16127376315471742","0.525829724679256","0.9135002783911396","Eye Closed"
"0.15751927781830863","0.5495352468713813","0.8719775384642696","Eye Closed"
"0.14050328615518054","0.5050262512125709","0.8729656153121046","Eye Closed"
"0.18311184911899422","0.5492774273572593","0.8719775384642696","Eye Closed"
"0.23605135179588382","0.5397843282202287","0.8304547985373997","Eye Closed"
"0.23137082558917804","0.5526785702421494","0.8314922190524863","Eye Closed"
"0.20517579047791784","0.5555808938900118","0.8729656153121046","Eye Closed"
"0.18688951490723188","0.5757614669070491","0.8729656153121046","Eye Closed"
"0.186280793605139","0.41001330297096716","0.8314922190524863","Eye Closed"
"0.13274852671217563","0.45813205557636927","0.875923158336589","Eye Closed"
"0.17617481409662378","0.43271273194850035","0.7932908324363683","Eye Closed"
"0.26421381124388976","0.5085602026413014","1.0","Normal"
"0.2628469517442347","0.4925089310057758","1.0","Normal"
"0.18873589038574096","0.5181515474044269","1.0033879261366176","Normal"
"0.2192928495072292","0.5266506293101691","1.0033879261366176","Normal"
"0.25137584610621644","0.5179472549057405","1.0033879261366176","Normal"
"0.25693209354148483","0.4824009750848482","1.0507484942601848","Normal"
"0.21385099992195","0.48323313194813927","1.0033879261366176","Normal"
"0.18790412456087385","0.523166479569892","1.0","Normal"
"0.1826562539212077","0.5092140178351053","1.0","Normal"
"0.19007713773726087","0.491820935004584","0.9524913747664726","Normal"
"0.1665383627671177","0.5089058639127001","1.0033879261366176","Normal"
"0.18609687174840644","0.4967989857768235","1.0","Normal"
"0.19384980753771294","0.5268699354036005","0.9524913747664726","Normal"
"0.2216255488140671","0.5051996633128714","1.0033879261366176","Normal"
"0.18390033261952485","0.4919421559848449","0.9524913747664726","Normal"
"0.2148603000562238","0.42910403394849606","1.0033879261366176","Normal"
"0.19424520513052634","0.44906154809760745","1.0507484942601848","Normal"
"0.1842351178888224","0.46230346016439045","1.0475137554577998","Normal"
"0.1998360727544882","0.46668119258593194","1.0","Normal"
"0.14473339479107583","0.45453883574508924","1.0475137554577998","Normal"
"0.17757737083785397","0.4335688435524256","1.0475137554577998","Normal"
"0.1727592026534409","0.4508225155453783","1.0475137554577998","Normal"
"0.20326618007651057","0.45379551744601265","1.0","Normal"
"0.17128806236098987","0.47201152582599976","1.0033879261366176","Normal"
"0.21571175876677884","0.42985395792739534","1.0033879261366176","Normal"
"0.1596786187886311","0.48399826667773693","1.0","Normal"
"0.19508376070999847","0.47936177435782135","1.0507484942601848","Normal"
"0.19449941948930483","0.452209975540706","0.9524913747664726","Normal"
"0.20528003738686107","0.4515190561595347","1.0033879261366176","Normal"
"0.18120408791057596","0.4604790415574232","1.0","Normal"
"0.19117459716718627","0.4616235893875294","0.9560476710505951","Normal"
"0.18153195751244472","0.4560352027389491","0.9560476710505951","Normal"
"0.18153195751244472","0.4667531856987073","1.0033879261366176","Normal"
"0.1994123254902786","0.475176787626817","1.0033879261366176","Normal"
"0.1876915073037162","0.4756874719104868","1.0033879261366176","Normal"
"0.20167871649418662","0.46983913029491514","1.0033879261366176","Normal"
"0.1828486952973728","0.46488822907143473","1.0507484942601848","Normal"
"0.17073374758986462","0.46494312306451063","1.0475137554577998","Normal"
"0.19285165842643626","0.3921405796932409","1.142554096860798","Normal"
"0.18432307220526556","0.41265489522990817","1.142554096860798","Normal"
"0.1983277634351577","0.4021370550482628","1.2376082611815407","Normal"
"0.1983277634351577","0.40028170431475163","1.3326732906258427","Normal"
"0.19884035293466712","0.38343412054998915","1.3802091781920633","Normal"
"0.21229269359092384","0.38527335746724944","1.4277470148669682","Normal"
"0.21405799610352363","0.3686332006200814","1.3802091781920633","Normal"
"0.19833442470714277","0.37614893345633604","1.3802091781920633","Normal"
"0.19532291259339807","0.3681928074337763","1.4752866122334651","Normal"
"0.20720038389196407","0.37605508520869835","1.522827805395895","Eye Closed"
"0.2129154306420285","0.40766898644661415","1.522827805395895","Eye Closed"
"0.19903193087597604","0.37954068395469087","1.522084781294381","Eye Closed"
"0.21727287460915","0.3955237494221708","1.5696499307098304","Eye Closed"
"0.20970894305919704","0.38729719316886874","1.6179144164088315","Eye Closed"
"0.18109716065346923","0.4083418281294296","1.5703704494215018","Eye Closed"
"0.21443722599722725","0.40819323714547073","1.5696499307098304","Eye Closed"
"0.190615341428642","0.40504477649622617","1.5696499307098304","Eye Closed"
"0.19889363528682974","0.3954459354052485","1.5703704494215018","Eye Closed"
"0.1951965833740319","0.38796208545940386","1.5696499307098304","Eye Closed"
"0.1909698131075759","0.39422700989626985","1.5703704494215018","Eye Closed"
"0.2014237613010635","0.3934479938333048","1.5696499307098304","Eye Closed"
"0.23182475410050127","0.38839782744129836","1.5696499307098304","Eye Closed"
"0.2268958236740554","0.402893625573821","1.5703704494215018","Eye Closed"
"0.2576850425154663","0.3934479938333048","1.6179144164088315","Eye Closed"
"0.16999579113843055","0.4031457144470362","1.5703704494215018","Eye Closed"
"0.22218253158075502","0.4035576626970691","1.6179144164088315","Eye Closed"
"0.21623015062837403","0.3936134540720254","1.6179144164088315","Eye Closed"
"0.1998097465923245","0.4035210620378605","1.5696499307098304","Eye Closed"
"0.18792896011895924","0.4036648978101972","1.6179144164088315","Eye Closed"
"0.21125327341058725","0.41668538960745427","1.5703704494215018","Eye Closed"
"0.20603649242968688","0.41183433760837296","1.5696499307098304","Eye Closed"
"0.22218253158075502","0.40303665331431743","1.522084781294381","Eye Closed"
"0.20970894305919704","0.4036648978101972","1.522084781294381","Eye Closed"
"0.2129154306420285","0.46983310792892535","1.522827805395895","Eye Closed"
"0.22527713505288222","0.4657899616382767","1.522084781294381","Eye Closed"
"0.22636082313458022","0.4764097943313418","1.522084781294381","Eye Closed"
"0.209682531580755","0.43245951437049923","1.4752866122334651","Eye Closed"
"0.2254154306420285","0.46983310792892535","1.4745196318789318","Eye Closed"
"0.22650118501082273","0.46413096132571424","1.522084781294381","Eye Closed"
"0.24539826781773189","0.4623535864650299","1.4745196318789318","Eye Closed"
"0.24558013237924375","0.43027738993739617","1.3802091781920633","Eye Closed"
"0.19951568405581804","0.4925089310057758","1.142554096860798","Eye Closed"
"0.20708263731401622","0.5052849717881295","1.0","Eye Closed"
"0.16548412383581823","0.4691085449823272","1.0","Eye Closed"
"0.16765237949852238","0.4570906291847511","0.9049886877121048","Eye Closed"
"0.1698509035854571","0.4928198516706487","0.9524913747664726","Eye Closed"
"0.1522535064207159","0.44903470651242283","0.9037378388935386","Eye Closed"
"0.1698509035854571","0.4704141947420564","0.9049886877121048","Eye Closed"
"0.16761640495090385","0.4525905167404369","0.9524913747664726","Eye Closed"
"0.16971631151065875","0.48563696537102313","0.9049886877121048","Eye Closed"
"0.16987987869210336","0.4895976091234657","0.9037378388935386","Eye Closed"
"0.17206643462385382","0.4725946618695054","0.9513029883089882","Eye Closed"
"0.1698509035854571","0.4921917011161798","0.9513029883089882","Eye Closed"
"0.21301807795487077","0.5020122247339109","0.9524913747664726","Eye Closed"
"0.16946951870780763","0.46793050279289494","0.9524913747664726","Eye Closed"
"0.1598732705706722","0.4785712677818871","0.9524913747664726","Eye Closed"
"0.12961948526350464","0.45970945661859575","0.9049886877121048","Eye Closed"
"0.18472754926949725","0.4884283811570432","0.9513029883089882","Eye Closed"
"0.16850988143149123","0.507448052274959","1.0","Eye Closed"
"0.1996235557824623","0.4418558808145979","0.9037378388935386","Eye Closed"
"0.14625185715449607","0.47045438497316633","0.9037378388935386","Eye Closed"
"0.20026445880702953","0.46592518010287265","0.9037378388935386","Eye Closed"
"0.1980940405655583","0.4435810540192416","0.8574929257125442","Eye Closed"
"0.19529052618111714","0.4707480454701397","0.9049886877121048","Eye Closed"
"0.21859728596644148","0.4836544250920042","0.9049886877121048","Eye Closed"
"0.19648878791754154","0.43481392979379124","0.9037378388935386","Eye Closed"
"0.20269717877916144","0.4602907908527169","0.9037378388935386","Eye Closed"
"0.19283489535374704","0.46706992237633105","0.9513029883089882","Eye Closed"
"0.21236191111650354","0.46643275740619494","0.9037378388935386","Eye Closed"
"0.19554915030088255","0.46739540487207965","0.9988681377244376","Eye Closed"
"0.20962501678836584","0.47015570640928667","1.0","Eye Closed"
"0.18882140867550962","0.48698908526897106","1.0","Eye Closed"
"0.20968797240485584","0.4666811925859319","1.0475137554577998","Eye Closed"
"0.2062132952076215","0.48841323415549825","1.0507484942601848","Eye Closed"
"0.21024066226772997","0.47511146652379427","1.0561177090573832","Eye Closed"
"0.2638491337812277","0.48574391428297214","1.0561177090573832","Eye Closed"
"0.26605461018827437","0.45715558311531884","1.1032654123717223","Eye Closed"
"0.23805366918539744","0.5070001226379132","1.0507484942601848","Eye Closed"
"0.22477579710908363","0.4483196850027344","1.0561177090573832","Eye Closed"
"0.23601292353626246","0.44895722906631297","1.1032654123717223","Eye Closed"
"0.22955748316652058","0.45429029526035314","1.0981267472114393","Eye Closed"
"0.20648506700427116","0.44257989238152456","1.1032654123717223","Eye Closed"
"0.23799201515625668","0.44026009482989376","1.0561177090573832","Eye Closed"
"0.2258693463063808","0.4450824322333144","1.0635890745287928","Eye Closed"
"0.18933557157390302","0.4133394084882169","1.0635890745287928","Eye Closed"
"0.19548267060855157","0.4200601435998483","1.0635890745287928","Eye Closed"
"0.19557360352624376","0.44967541443711595","1.0731186842130929","Eye Closed"
"0.20135293886850725","0.4229532807968851","1.1104195937609103","Eye Closed"
"0.18933557157390302","0.44063036662267263","1.0267904569745165","Eye Closed"
"0.22403473458920847","0.4310234496098607","1.0731186842130929","Eye Closed"
"0.2392980647406913","0.4170507360278162","1.0731186842130929","Eye Closed"
"0.2156317563317961","0.4243641894840553","1.119550653234757","Eye Closed"
"0.2254738220426571","0.4237366111807571","1.0731186842130929","Eye Closed"
"0.2239663300083135","0.3963272846443801","1.176696810829104","Eye Closed"
"0.20645326546139234","0.4089491464140821","1.1306106947072567","Eye Closed"
"0.196932068007578","0.4188955286716023","1.1306106947072567","Eye Closed"
"0.2115077478299508","0.4304824531507802","1.1306106947072567","Eye Closed"
"0.2010261168919217","0.4262741801229361","1.1891287353862352","Eye Closed"
"0.22583787567977295","0.4170216271032137","1.1435437497937313","Eye Closed"
"0.20505984169969768","0.39153130553346155","1.0846522890932808","Eye Closed"
"0.2749130610674059","0.4077020445758075","1.1891287353862352","Eye Closed"
"0.25274835302976134","0.38544689182621567","1.1582870798191691","Eye Closed"
"0.26575844818894184","0.40354926871924895","1.2033136751923739","Eye Closed"
"0.2227683235410929","0.37687402959688154","1.1582870798191691","Eye Closed"
"0.274002114044796","0.36637547069420945","1.1582870798191691","Eye Closed"
"0.2656244564768412","0.4025965666574168","1.1582870798191691","Eye Closed"
"0.20704615926123904","0.4286763545155165","1.1582870798191691","Eye Closed"
"0.2373632952702749","0.37527727502733743","1.1435437497937313","Eye Closed"
"0.26650765433637247","0.3992930830043292","1.192927878405448","Eye Closed"
"0.23178119002939152","0.4191941692032232","1.259354140295228","Eye Closed"
"0.29615262916673846","0.38572714323395624","1.1582870798191691","Eye Closed"
"0.27096875532303166","0.3909116700658725","1.2033136751923739","Eye Closed"
"0.2792929315189651","0.3868964005987407","1.2485285456935955","Eye Closed"
"0.26971146631722","0.44289177041809674","1.1891287353862352","Eye Closed"
"0.2733032405807231","0.4332553209892814","1.1582870798191691","Eye Closed"
"0.24181560375523525","0.3941815985055086","1.2033136751923739","Eye Closed"
"0.242641017646886","0.38498458979096356","1.234863100844808","Eye Closed"
"0.23268424695197487","0.42460406746743257","1.1891287353862352","Eye Closed"
"0.2829448542478574","0.45261645858090166","1.0561177090573832","Eye Closed"
"0.30206709730471104","0.44387271352572133","1.3155870289605438","Eye Closed"
"0.29806288750490395","0.4114362423686945","1.3620585963568168","Eye Closed"
"0.2946477057593625","0.3790254089825177","1.119550653234757","Eye Closed"
"0.23227992628742344","0.3837907756834782","1.2033136751923739","Eye Closed"
"0.23216070059737415","0.3580106573941623","1.1582870798191691","Eye Closed"
"0.2343791422630924","0.4333572619230391","1.1435437497937313","Eye Closed"
"0.2205218872728671","0.424201431363152","1.1306106947072567","Eye Closed"
"0.18224966001566079","0.4699206310788278","1.1660739714046149","Eye Closed"
"0.20516335177740763","0.48610631738055965","1.1032654123717223","Eye Closed"
"0.1821564097684817","0.5301572061946472","1.0950319733343106","Eye Closed"
"0.17097155700807798","0.5457403291020396","1.0475137554577998","Eye Closed"
"0.20580816956602221","0.5051319225611735","0.9988681377244376","Eye Closed"
"0.1698509035854571","0.5020938903475812","0.9988681377244376","Eye Closed"
"0.17050881640498164","0.4751208778712276","1.0","Eye Closed"
"0.16486261082150044","0.5016553683432852","1.0","Eye Closed"
"0.14606634881148084","0.46493854435902904","1.0","Eye Closed"
"0.1731885126913139","0.48106709314486223","1.0475137554577998","Eye Closed"
"0.15772347281468269","0.45571611467477496","1.0","Eye Closed"
"0.18437632131061238","0.45458017034977194","1.046433287139887","Eye Closed"
"0.19621682784849137","0.4117210719401346","1.142554096860798","Eye Closed"
"0.25954102157039605","0.40151465574065","1.3802091781920633","Eye Closed"
"0.22212454796526326","0.3979891201154769","1.4752866122334651","Eye Closed"
"0.237552933907139","0.41151084589586273","1.5725300247477096","Eye Closed"
"0.21016457272846273","0.3880525017973085","1.6654595930579037","Eye Closed"
"0.17792911152113983","0.36702702645173596","1.7624797421896683","Eye Closed"
"0.20131754339706498","0.3669633663621267","1.8081014266989472","Eye Closed"
"0.22352076639871712","0.3753153847904911","1.8556505366116618","Eye Closed"
"0.21150093570160255","0.3482704185312433","1.903200448114007","Eye Closed"
"0.1714892524632141","0.4380304750644664","2.0458544332358914","Eye Closed"
"0.20917604163967696","0.3400470166757847","2.045301424864325","Eye Closed"
"0.23371121084799398","0.32769883085932167","2.0934070175616757","Eye Closed"
"0.2341575802658593","0.3068897355039376","2.140960160124382","Eye Closed"
"0.21303584817112123","0.4287452361678769","2.330692321357021","Eye Closed"
"0.24152276708936787","0.3907454725567541","2.1885138245350415","Eye Closed"
"0.2600215174242194","0.3705065906419857","1.9501711260334256","Eye Closed"
"0.24432921533883462","0.4544639586623337","1.9026059766179764","Eye Closed"
"0.2520332380306005","0.4599818780982949","1.61721508012528","Eye Closed"
"0.22545616410515307","0.4626464140235527","1.5696499307098304","Eye Closed"
"0.2691070117454587","0.4496597231910167","1.5703704494215018","Eye Closed"
"0.2451850425154663","0.46853728031436953","1.522084781294381","Head Bending"
"0.2576850425154663","0.4610351610173098","1.522084781294381","Head Bending"
"0.15108268034844713","0.4452020861749884","1.522084781294381","Head Bending"
"0.21139363528682975","0.4519106964889269","1.522827805395895","Head Bending"
"0.23884522737055328","0.4555361928529678","1.6647802295407292","Head Bending"
"0.21163282172376158","0.4404343451083185","1.6647802295407292","Head Bending"
"0.22104342517186815","0.4479982010069988","1.7123453789561787","Head Bending"
"0.22398881570131007","0.44765167662795413","1.7123453789561787","Head Bending"
"0.22759666058673417","0.4560782199021166","1.7123453789561787","Head Bending"
"0.22759666058673417","0.4555361928529678","1.6647802295407292","Head Bending"
"0.24145285503363279","0.4404343451083185","1.6647802295407292","Head Bending"
"0.26269768763286916","0.4479982010069988","1.7123453789561787","Eye Closed"
"0.2744450267886911","0.4303333107785585","1.6647802295407292","Eye Closed"
"0.2625537394348288","0.4536901920580781","1.7130058786447562","Eye Closed"
"0.18147037117746612","0.44859008023262065","1.7123453789561787","Eye Closed"
"0.22877413007650566","0.44600085791444577","1.7130058786447562","Eye Closed"
"0.21464459140810419","0.4479982010069988","1.7123453789561787","Eye Closed"
"0.21709302062205238","0.42533733998230644","1.7123453789561787","Eye Closed"
"0.22234727261919246","0.4555361928529678","1.7599105283716283","Eye Closed"
"0.20292826341726683","0.4303333107785585","1.6647802295407292","Eye Closed"
"0.23008901356222455","0.4580399628132108","1.6179144164088315","Eye Closed"
"0.23223297333683632","0.4580399628132108","1.522084781294381","Eye Closed"
"0.21443722599722725","0.47013770762107854","1.522084781294381","Eye Closed"
"0.20705489224275458","0.4809704448312434","1.4752866122334651","Eye Closed"
"0.22650118501082273","0.4698640508105839","1.4745196318789318","Eye Closed"
"0.2584217986092028","0.5648842557915468","1.4745196318789318","Eye Closed"
"0.23997938931206475","0.5140981228313214","1.426954482463482","Eye Closed"
"0.27572588441317236","0.521163502439556","1.3802091781920633","Eye Closed"
"0.2570161807432241","0.5482117690631687","1.4277470148669682","Eye Closed"
"0.2589469797295864","0.5828074893143416","1.4277470148669682","Eye Closed"
"0.25150118501082275","0.4962169100434063","1.4752866122334651","Eye Closed"
"0.24558013237924375","0.43125355519714526","1.4752866122334651","Eye Closed"
"0.21883648327360744","0.454668572206009","1.4277470148669682","Eye Closed"
"0.24510022576700002","0.5290326812733795","1.2851395684544304","Eye Closed"
"0.21338767335711706","0.5557758892743393","1.2851395684544304","Eye Closed"
"0.20814737253557308","0.45455393934897403","1.1415635859707858","Eye Closed"
"0.22946374669349112","0.6279069763448419","1.0939984365553364","Eye Closed"
"0.23486752228002356","0.6274271785131945","1.0475137554577998","Eye Closed"
"0.23680679709696856","0.6676788794153409","0.9513029883089882","Eye Closed"
"0.2198553669922213","0.6775108334515311","0.9049886877121048","Eye Closed"
"0.22056544985504115","0.6989472471734874","0.9037378388935386","Eye Closed"
"0.2155491923203739","0.6874987261954506","0.9524913747664726","Eye Closed"
"0.22056544985504115","0.7892569979990064","0.9037378388935386","Eye Closed"
"0.2661133466712266","0.5211670165738157","1.2851395684544304","Eye Closed"
"0.2267907016641505","0.6139522447275668","1.3326732906258427","Eye Closed"
"0.16815421289744523","0.4044322376081659","1.426954482463482","Eye Closed"
"0.21906218106992228","0.4075282933141414","1.3318241836325835","Eye Closed"
"0.19884035293466712","0.5318303776425379","1.284259034217134","Eye Closed"
"0.20134578812291865","0.399810220938343","1.2366938848016846","Eye Closed"
"0.23141049417959886","0.34804158075025465","1.2376082611815407","Eye Closed"
"0.20662201051527","0.4996428757869158","1.2366938848016846","Eye Closed"
"0.22012590685557148","0.5899108622120436","1.1891287353862352","Eye Closed"
"0.22591998486756057","0.6204805544422825","1.2376082611815407","Eye Closed"
"0.23077744518284876","0.549258587328919","1.2376082611815407","Eye Closed"
"0.27190302263472343","0.6292290643031181","1.1900796581574618","Eye Closed"
"0.22181217253177354","0.6177827941071373","1.142554096860798","Eye Closed"
"0.2639397837284143","0.6273193623466772","1.1900796581574618","Eye Closed"
"0.24467356975952131","0.5986010449758805","1.1900796581574618","Eye Closed"
"0.24579367373082284","0.6003146341106401","1.2376082611815407","Eye Closed"
"0.21406809483524342","0.6065869587209353","1.1891287353862352","Eye Closed"
"0.23333430880413641","0.6877934415553355","1.0950319733343106","Eye Closed"
"0.21146642854351597","0.6577859384036447","1.0475137554577998","Eye Closed"
"0.20274621026665818","0.7066298415376433","1.0475137554577998","Eye Closed"
"0.16752975557890828","0.7243179140551124","1.0475137554577998","Eye Closed"
"0.14110131310167445","0.6018865795217476","1.0475137554577998","Eye Closed"
"0.12328654361692026","0.4615767589922261","1.0475137554577998","Eye Closed"
"0.09147685526533371","0.5962051957621782","1.1415635859707858","Eye Closed"
"0.09764556676896352","0.5927511802218047","1.0939984365553364","Eye Closed"
"0.09274537756141793","0.4735206966310568","1.142554096860798","Eye Closed"
"0.10419896816410637","0.5020190580164163","1.142554096860798","Eye Closed"
"0.16570080438805054","0.4826243522713543","1.1415635859707858","Eye Closed"
"0.20174636219011066","0.4917781652397398","1.1891287353862352","Eye Closed"
"0.19201249500128104","0.43682782347190213","1.284259034217134","Eye Closed"
"0.1779914195929787","0.41702283657786443","1.2366938848016846","Eye Closed"
"0.16824537955663404","0.40443118055886185","1.2366938848016846","Eye Closed"
"0.1607130820412107","0.45547520185870993","1.2366938848016846","Eye Closed"
"0.1679408755955817","0.4439510678674091","1.1891287353862352","Eye Closed"
"0.18106715017570058","0.4824167320967363","1.2366938848016846","Eye Closed"
"0.15540974794782253","0.49254328833433914","1.142554096860798","Eye Closed"
"0.14053409517579585","0.6109591686085126","1.046433287139887","Eye Closed"
"0.19416252925935595","0.5127883701498189","1.0475137554577998","Eye Closed"
"0.12285271743172285","0.5469068477777393","1.0","Eye Closed"
"0.15744759340692638","0.43905416966390226","0.9037378388935386","Eye Closed"
"0.18705823456013954","0.6587462317890804","0.7610423906471905","Eye Closed"
"0.17479794261469833","0.47882841011826405","0.713477241231741","Eye Closed"
"0.17360217559057314","0.5212144101756593","0.8100053069487063","Eye Closed"
"0.18505973617760746","0.5999008168488035","0.7150609884440419","Eye Closed"
"0.1605025650720292","0.5811797886860138","0.6659120918162917","Eye Closed"
"0.17206643462385382","0.6194798552210092","0.713477241231741","Eye Closed"
"0.1924350857557927","0.6977184247393162","0.7150609884440419","Eye Closed"
"0.18287318024585697","0.6214271947869761","0.7197913221978383","Eye Closed"
"0.1763910737889057","0.6880583984279528","0.6726727939963125","Eye Closed"
"0.1734958666257828","0.7785923520110238","0.6676086858827283","Eye Closed"
"0.17506474197251295","0.5879222666660844","0.6676086858827283","Eye Closed"
"0.2418779295881684","0.7215082132905923","0.6676086858827283","Eye Closed"
"0.15827151690469896","0.6564937552285759","0.7150609884440419","Eye Closed"
"0.18753788534728083","0.6997921072234201","0.7197913221978383","Eye Closed"
"0.1754564418910905","0.750342818003937","0.8100053069487063","Eye Closed"
"0.1698509035854571","0.6853680429196766","0.8100053069487063","Eye Closed"
"0.16584003537557646","0.6472747726032265","0.9049886877121048","Eye Closed"
"0.18220098985635524","0.5699454802445391","0.9524913747664726","Eye Closed"
"0.19792384835908639","0.5971447254804684","0.9560476710505951","Eye Closed"
"0.2138815195171943","0.6065869587209353","0.9560476710505951","Eye Closed"
"0.22259212752655383","0.6096304756497624","0.9049886877121048","Eye Closed"
"0.19960975522659488","0.6490774078956801","0.9049886877121048","Eye Closed"
"0.14211589377419565","0.43572446750628274","1.046433287139887","Eye Closed"
"0.17770590620716742","0.43654449008208956","1.0950319733343106","Eye Closed"
"0.21886610709187154","0.41835825427603185","1.142554096860798","Eye Closed"
"0.17141636626053885","0.45952713627727515","1.1891287353862352","Eye Closed"
"0.1639062453478241","0.4798339745455609","1.1891287353862352","Eye Closed"
"0.1821362501030812","0.6045247257327588","1.142554096860798","Eye Closed"
"0.20004627700118155","0.7129379060052863","1.1415635859707858","Eye Closed"
"0.2442673149802338","0.7115708138442122","1.142554096860798","Eye Closed"
"0.23669534061834885","0.7207909996628433","1.0475137554577998","Eye Closed"
"0.22934677161303052","0.7696640069686781","1.046433287139887","Eye Closed"
"0.21765942350955253","0.7877811425383617","1.0475137554577998","Eye Closed"
"0.21488329873368203","0.7468183253309733","1.0939984365553364","Eye Closed"
"0.22919708373022338","0.7479217694251696","1.046433287139887","Eye Closed"
"0.24306458863585412","0.7497002882325189","1.0939984365553364","Eye Closed"
"0.2577450941237217","0.7296644992598834","1.046433287139887","Eye Closed"
"0.21605770549057318","0.7559747911236069","1.0939984365553364","Eye Closed"
"0.19639141232399332","0.6743580951125921","1.0939984365553364","Eye Closed"
"0.22948845467960668","0.7616945136745724","1.0475137554577998","Eye Closed"
"0.22010204001661177","0.6842744590263803","1.0939984365553364","Eye Closed"
"0.24487184144832153","0.8052708131340774","1.0950319733343106","Eye Closed"
"0.22195891381292454","0.738352860058192","1.142554096860798","Eye Closed"
"0.19583162159463696","0.7750618345176109","1.0939984365553364","Eye Closed"
"0.22966215903430914","0.7741160648130906","1.0939984365553364","Eye Closed"
"0.22957491274095687","0.5593391684400089","1.0475137554577998","Eye Closed"
"0.21317613086651838","0.7745806788899812","1.0475137554577998","Eye Closed"
"0.21277764132842342","0.6158559585791404","1.0939984365553364","Eye Closed"
"0.21201658260474338","0.6269957219975562","1.0475137554577998","Eye Closed"
"0.18556942495480588","0.773174139362118","1.046433287139887","Eye Closed"
"0.2304985012939692","0.6148173901288765","1.046433287139887","Eye Closed"
"0.18723909791522347","0.759110328237315","1.0939984365553364","Eye Closed"
"0.23210464278305745","0.6139392453662849","1.046433287139887","Eye Closed"
"0.2474856793291031","0.5796614260504084","1.046433287139887","Eye Closed"
"0.22417928215679606","0.6153777747858543","1.046433287139887","Eye Closed"
"0.23885978764466365","0.5768187651162163","1.0950319733343106","Eye Closed"
"0.24436600619959992","0.5964561712769104","1.046433287139887","Eye Closed"
"0.24070575143865397","0.5863730542493608","1.046433287139887","Eye Closed"
"0.2154107455272826","0.6169079765019971","1.0475137554577998","Eye Closed"
"0.20949877666892847","0.6046871748854331","1.0","Eye Closed"
"0.23885978764466365","0.5670026283785375","1.046433287139887","Eye Closed"
"0.2315427824045319","0.6158559585791404","1.046433287139887","Eye Closed"
"0.2176752774989012","0.6277151873319032","1.046433287139887","Eye Closed"
"0.24047735965299166","0.589414775713798","1.046433287139887","Eye Closed"
"0.21938244536606485","0.6267080432845471","1.046433287139887","Eye Closed"
"0.1941450686788302","0.6374801287880832","0.9988681377244376","Eye Closed"
"0.2438736562889174","0.6057551251464846","1.0939984365553364","Eye Closed"
"0.25402162704152137","0.606540548766954","1.0939984365553364","Eye Closed"
"0.2587638354234352","0.6153777747858543","1.0939984365553364","Eye Closed"
"0.25844735093781224","0.5964561712769104","1.0950319733343106","Eye Closed"
"0.2800942194073919","0.5967299634287072","1.0950319733343106","Yawning"
"0.23619143521437702","0.6471748245333587","1.0939984365553364","Yawning"
"0.2511906615290491","0.6367935097372351","1.0939984365553364","Yawning"
"0.23296184310477908","0.58871677296362","1.0939984365553364","Yawning"
"0.25264431804175397","0.5603683172100362","1.046433287139887","Yawning"
"0.18596856784885746","0.6396491412979528","1.0939984365553364","Yawning"
"0.20624273708537394","0.5601261005066042","1.0939984365553364","Yawning"
"0.24468249068522285","0.58871677296362","1.046433287139887","Yawning"
"0.2315427824045319","0.5909262498418402","1.046433287139887","Yawning"
"0.20380777259327046","0.5992362793974693","1.046433287139887","Yawning"
"0.23173523825385536","0.5989696204133719","1.0939984365553364","Yawning"
"0.24395108032397575","0.6383242974814813","1.0939984365553364","Yawning"
"0.23271415014140523","0.6089896290608587","1.046433287139887","Yawning"
"0.22777994526484197","0.5950616510596435","1.0475137554577998","Yawning"
"0.22417928215679606","0.6072941624777126","1.0475137554577998","Yawning"
"0.24556199106031873","0.6070419106480203","1.0939984365553364","Yawning"
"0.2176752774989012","0.5964561712769104","1.0939984365553364","Yawning"
"0.23202850043135054","0.5794037179776204","1.0939984365553364","Yawning"
"0.2371207369862235","0.5863730542493608","1.0939984365553364","Yawning"
"0.2468290179693691","0.6264557914548547","1.0939984365553364","Yawning"
"0.18723909791522347","0.6396491412979528","1.0939984365553364","Yawning"
"0.18298143690249172","0.7003926246909102","1.1415635859707858","Yawning"
"0.18556942495480588","0.7468183253309733","1.0939984365553364","Yawning"
"0.19285782191806636","0.7009466046651927","1.0950319733343106","Yawning"
"0.18609687174840644","0.7018512878857159","1.0950319733343106","Yawning"
"0.19761434863031208","0.7104369538752832","1.046433287139887","Yawning"
"0.23684210526315788","0.6873176203231102","1.046433287139887","Yawning"
"0.2220511503561569","0.5860942853809216","1.046433287139887","Yawning"
"0.2589297523838581","0.6570816568450646","1.046433287139887","Yawning"
"0.21637426900584794","0.6941766810088321","1.046433287139887","Yawning"
"0.1665383627671177","0.6264568804174993","1.046433287139887","Yawning"
"0.20098039215686275","0.5656625409767565","1.046433287139887","Yawning"
"0.22270720179767753","0.6267433543763362","0.9988681377244376","Yawning"
"0.1884509995788607","0.6148435874427166","1.046433287139887","Yawning"
"0.2179385777124393","0.6269957219975562","1.0","Yawning"
"0.2176752774989012","0.6151038415520999","0.9988681377244376","Yawning"
"0.2176752774989012","0.6145833333333334","0.9988681377244376","Yawning"
"0.21605770549057318","0.6668256433607429","0.9988681377244376","Yawning"
"0.21605770549057318","0.6469344604765038","1.046433287139887","Yawning"
"0.21620319713978264","0.6579518547631152","1.046433287139887","Yawning"
"0.23782091146691198","0.6255218086673864","1.046433287139887","Yawning"
"0.20233569223415193","0.6264677895117342","0.9988681377244376","Yawning"
"0.17083596510933227","0.646713942773923","1.0939984365553364","Yawning"
"0.17333435954218018","0.639601835997517","1.0950319733343106","Yawning"
"0.19270144262933828","0.6209109373679413","1.0939984365553364","Yawning"
"0.1787006451255128","0.6396482198023394","1.0939984365553364","Yawning"
"0.22188007849009164","0.667049767344126","1.046433287139887","Yawning"
"0.16826874519745047","0.6396482198023394","1.0939984365553364","Yawning"
"0.1455565817644024","0.6478904289979478","1.0939984365553364","Eye Closed"
"0.1836250921827047","0.6223189494056361","1.046433287139887","Eye Closed"
"0.20826862330137247","0.6121194072707339","1.046433287139887","Eye Closed"
"0.2116781103973026","0.6013460905013365","1.0950319733343106","Eye Closed"
"0.15990979545231018","0.6383069925416636","1.046433287139887","Eye Closed"
"0.15635911306295658","0.6740041301721487","1.046433287139887","Eye Closed"
"0.14849607056442926","0.6485831514107719","1.0939984365553364","Eye Closed"
"0.17333435954218018","0.57341019724875","1.0939984365553364","Eye Closed"
"0.14363858848276106","0.6476410762607802","1.0939984365553364","Eye Closed"
"0.17379868434119905","0.6139269134822419","1.0939984365553364","Eye Closed"
"0.17333435954218018","0.61231487746617","1.0939984365553364","Eye Closed"
"0.15980692268818003","0.621239368109598","1.046433287139887","Eye Closed"
"0.1954642021713495","0.6091048097943396","1.0475137554577998","Eye Closed"
"0.16204327911792987","0.517703272546733","1.046433287139887","Eye Closed"
"0.14498052661376878","0.4560352027389491","1.046433287139887","Eye Closed"
"0.15854621049198053","0.4372581251590353","1.0475137554577998","Eye Closed"
"0.18477833627011803","0.39946219522585746","1.0475137554577998","Eye Closed"
"0.17356816292218247","0.45287873668526657","1.046433287139887","Eye Closed"
"0.16429366536638917","0.4693196364000657","1.0475137554577998","Eye Closed"
"0.18153753008542264","0.4900553759650376","1.0475137554577998","Eye Closed"
"0.1854411210552569","0.44223598218042953","0.9988681377244376","Eye Closed"
"0.1661463165553553","0.4346507387929285","1.0","Eye Closed"
"0.17329299165526377","0.40746548789346193","0.9988681377244376","Eye Closed"
"0.16625115539224988","0.4198339655827134","1.0","Eye Closed"
"0.19658414011960795","0.4464976858515182","0.9988681377244376","Eye Closed"
"0.16894839462989947","0.40293210761346315","1.0475137554577998","Eye Closed"
"0.158613703425248","0.5295710050532391","1.0475137554577998","Eye Closed"
"0.20179301344976275","0.5049009159477048","1.0475137554577998","Eye Closed"
"0.16941271942891836","0.310744543208336","1.0","Eye Closed"
"0.1759207666901094","0.39561565585853076","1.046433287139887","Eye Closed"
"0.1455565817644024","0.4022630442088415","1.0950319733343106","Eye Closed"
"0.17997745687609065","0.4389780561482313","1.0","Eye Closed"
"0.15542095777589934","0.40533897242652706","1.0475137554577998","Eye Closed"
"0.16997920748500606","0.5412900367954269","1.0","Eye Closed"
"0.17320605564263122","0.6143194315941376","0.9524913747664726","Eye Closed"
"0.2176752774989012","0.6391217247905281","0.9988681377244376","Eye Closed"
"0.20624273708537394","0.5909136239558737","0.9988681377244376","Eye Closed"
"0.21175729790345144","0.5967299634287072","1.0","Eye Closed"
"0.20380777259327046","0.5057273731380942","1.0","Eye Closed"
"0.20415013643467617","0.6267080432845471","0.9988681377244376","Eye Closed"
"0.20453556921821026","0.5799120904625785","0.9988681377244376","Eye Closed"
"0.2176752774989012","0.5871279284226135","0.9988681377244376","Eye Closed"
"0.21155428298286272","0.6083331381694199","0.9988681377244376","Eye Closed"
"0.206931150546834","0.6257820627767695","0.9988681377244376","Eye Closed"
"0.22417928215679606","0.598005383693634","1.0","Eye Closed"
"0.20675744619213154","0.6158559585791404","0.9988681377244376","Eye Closed"
"0.20794990495253757","0.6047008540098046","0.9988681377244376","Eye Closed"
"0.2068003456369674","0.5778844208353318","0.9988681377244376","Eye Closed"
"0.20666785033329588","0.6062771843657694","0.9988681377244376","Eye Closed"
"0.23880975876433153","0.6080540222390722","0.9988681377244376","Eye Closed"
"0.24477175650301777","0.5762914071626163","0.9524913747664726","Eye Closed"
"0.21637606648096375","0.6249689661516609","0.9524913747664726","Eye Closed"
"0.1802934513871055","0.6153777747858543","0.9988681377244376","Eye Closed"
"0.20415013643467617","0.6176274418363442","0.9988681377244376","Eye Closed"
"0.22579685416512407","0.5950616510596435","0.9988681377244376","Eye Closed"
"0.19687377749499513","0.6470154385215471","1.0475137554577998","Eye Closed"
"0.1842351178888224","0.7086766892169479","0.9988681377244376","Eye Closed"
"0.17118584484152222","0.6483657289059241","1.0475137554577998","Eye Closed"
"0.18821895409731676","0.6150775172540561","0.9988681377244376","Eye Closed"
"0.20380777259327046","0.5964643312020362","1.046433287139887","Eye Closed"
"0.24638965855238648","0.6267080432845471","0.9524913747664726","Eye Closed"
"0.20949877666892847","0.6169067154609112","1.0","Eye Closed"
"0.23009125101515018","0.606540548766954","1.0","Eye Closed"
"0.2110395738761051","0.5962039194472181","0.9513029883089882","Eye Closed"
"0.24477175650301777","0.6366162270315396","1.0","Eye Closed"
"0.2005468558172574","0.5654307091454344","0.9988681377244376","Eye Closed"
"0.18821895409731676","0.6054580469032329","0.9513029883089882","Eye Closed"
"0.22699203468954712","0.5705086133627421","1.0475137554577998","Eye Closed"
"0.2171667643287019","0.6267080432845471","0.9988681377244376","Eye Closed"
"0.24638965855238648","0.6782153189116286","1.0","Eye Closed"
"0.2666800014132222","0.6670733978500231","0.9513029883089882","Eye Closed"
"0.24418883746981762","0.6579034075527557","1.0","Eye Closed"
"0.22417928215679606","0.606540548766954","0.9988681377244376","Eye Closed"
"0.23840338190937582","0.6777921433131363","0.9513029883089882","Eye Closed"
"0.24164745017047268","0.688552461747627","0.9988681377244376","Eye Closed"
"0.21727672533374948","0.5838963954975042","0.9513029883089882","Eye Closed"
"0.2287104218278439","0.6882875342447273","0.9524913747664726","Eye Closed"
"0.20666785033329588","0.6886166301450539","0.9049886877121048","Eye Closed"
"0.23267004785122736","0.7086766892169479","0.9524913747664726","Eye Closed"
"0.2257200793639727","0.6576499727308149","0.9513029883089882","Eye Closed"
"0.2511906615290491","0.6885821220296507","0.9524913747664726","Eye Closed"
"0.24418883746981762","0.6872216474609734","0.9524913747664726","Eye Closed"
"0.21155428298286272","0.6678149844615915","0.9513029883089882","Eye Closed"
"0.25823351110523063","0.6579843858668633","0.9524913747664726","Eye Closed"
"0.16653801647393285","0.44251314567917155","1.0","Eye Closed"
"0.17092363509302871","0.45734819015947403","1.046433287139887","Eye Closed"
"0.15074835061098202","0.463085755531734","0.9988681377244376","Eye Closed"
"0.17347851292588354","0.4813674121169828","1.0","Eye Closed"
"0.1354552235035033","0.45644171169151687","0.9988681377244376","Eye Closed"
"0.1460209065634213","0.4501330210652504","0.9988681377244376","Eye Closed"
"0.20750406041426162","0.5785451318729353","0.9988681377244376","Eye Closed"
"0.18753788534728083","0.6040128927125268","0.9988681377244376","Eye Closed"
"0.20949877666892847","0.639976911626925","1.0","Eye Closed"
"0.19583162159463696","0.6403994087878344","0.9513029883089882","Eye Closed"
"0.20380777259327046","0.6308749234685913","0.9513029883089882","Eye Closed"
"0.19810262279445312","0.6292719945640982","0.9513029883089882","Eye Closed"
"0.19192245805182478","0.6302896167171532","0.9524913747664726","Eye Closed"
"0.17154795179955495","0.622544143249561","0.9513029883089882","Eye Closed"
"0.17815513513110431","0.6396510494137212","0.9524913747664726","Eye Closed"
"0.18254075375020018","0.6056253024110001","1.0","Eye Closed"
"0.18153753008542264","0.6076699138684869","0.9524913747664726","Eye Closed"
"0.19237523217974317","0.6055446261591196","0.9037378388935386","Eye Closed"
"0.1941872344705819","0.5968163875057689","0.9524913747664726","Eye Closed"
"0.17096426900888123","0.6324339069966979","1.0","Eye Closed"
"0.183444431838917","0.640538552109841","1.0","Eye Closed"
"0.21058890188365592","0.6392773556754929","0.9524913747664726","Eye Closed"
"0.1856887829464607","0.6405303033713127","0.9524913747664726","Eye Closed"
"0.2299252103962039","0.6852460095601954","0.9513029883089882","Eye Closed"
"0.2235872463572553","0.6480854757141381","0.9988681377244376","Eye Closed"
"0.2291297324168286","0.6885651760281437","1.0","Eye Closed"
"0.21938244536606485","0.5469270674620522","0.9988681377244376","Eye Closed"
"0.24257792673347467","0.6683932959112965","0.9513029883089882","Eye Closed"
"0.2073022375400469","0.5468831354610402","0.9988681377244376","Eye Closed"
"0.19635906838823752","0.5762914071626163","0.9988681377244376","Eye Closed"
"0.2176752774989012","0.5972110454501631","0.9988681377244376","Eye Closed"
"0.22108961323322848","0.6054580469032329","0.9988681377244376","Eye Closed"
"0.17091083136448731","0.5511117081418334","0.9988681377244376","Eye Closed"
"0.19462561842820247","0.6574953711868525","0.9988681377244376","Eye Closed"
"0.22357648582125256","0.5711814989963414","0.9988681377244376","Eye Closed"
"0.16766445260681398","0.4803315656025166","1.0","Eye Closed"
"0.17716517776280585","0.4530882140792074","1.0","Eye Closed"
"0.17257612340105224","0.42910403394849606","0.8614414942198926","Eye Closed"
